episode,reward
1,-4.290026
2,-7.8601074
3,-733.5654
4,-22.050432
5,-0.07999933
6,-205.4858
